﻿{"ous":[{"Properties":{"highvalue":false,"name":"DOMAIN CONTROLLERS@INTRANET.POO","domain":"INTRANET.POO","objectid":"5C96B19A-0850-4EBF-8883-5DAEB83F1735","distinguishedname":"OU=Domain Controllers,DC=intranet,DC=poo","description":"Default container for domain controllers","blocksinheritance":false},"Links":[{"IsEnforced":false,"Guid":"C4B3FB57-5696-44A3-B445-F8EA5656FCE2"}],"ACLProtected":false,"Users":[],"Computers":["S-1-5-21-2413924783-1155145064-2969042445-1001"],"ChildOus":[],"RemoteDesktopUsers":[],"LocalAdmins":[],"DcomUsers":[],"PSRemoteUsers":[],"ObjectIdentifier":"5C96B19A-0850-4EBF-8883-5DAEB83F1735","Aces":[{"PrincipalSID":"S-1-5-21-2413924783-1155145064-2969042445-512","PrincipalType":"Group","RightName":"Owner","AceType":"","IsInherited":false},{"PrincipalSID":"S-1-5-21-2413924783-1155145064-2969042445-512","PrincipalType":"Group","RightName":"WriteDacl","AceType":"","IsInherited":false},{"PrincipalSID":"S-1-5-21-2413924783-1155145064-2969042445-512","PrincipalType":"Group","RightName":"WriteOwner","AceType":"","IsInherited":false},{"PrincipalSID":"S-1-5-21-2413924783-1155145064-2969042445-519","PrincipalType":"Group","RightName":"GenericAll","AceType":"","IsInherited":true},{"PrincipalSID":"INTRANET.POO-S-1-5-32-544","PrincipalType":"Group","RightName":"WriteDacl","AceType":"","IsInherited":true},{"PrincipalSID":"INTRANET.POO-S-1-5-32-544","PrincipalType":"Group","RightName":"WriteOwner","AceType":"","IsInherited":true}]},{"Properties":{"highvalue":false,"name":"SERVERS@INTRANET.POO","domain":"INTRANET.POO","objectid":"C0AAA7AA-2BB9-4C2E-9048-B9A01E204A31","distinguishedname":"OU=Servers,DC=intranet,DC=poo","description":null,"blocksinheritance":false},"Links":[{"IsEnforced":false,"Guid":"AD1DB4B5-FE01-4761-BAA3-EB23E5DA18D0"}],"ACLProtected":false,"Users":[],"Computers":["S-1-5-21-2413924783-1155145064-2969042445-1104"],"ChildOus":[],"RemoteDesktopUsers":[],"LocalAdmins":[],"DcomUsers":[],"PSRemoteUsers":[],"ObjectIdentifier":"C0AAA7AA-2BB9-4C2E-9048-B9A01E204A31","Aces":[{"PrincipalSID":"S-1-5-21-2413924783-1155145064-2969042445-512","PrincipalType":"Group","RightName":"Owner","AceType":"","IsInherited":false},{"PrincipalSID":"S-1-5-21-2413924783-1155145064-2969042445-512","PrincipalType":"Group","RightName":"GenericAll","AceType":"","IsInherited":false},{"PrincipalSID":"S-1-5-21-2413924783-1155145064-2969042445-519","PrincipalType":"Group","RightName":"GenericAll","AceType":"","IsInherited":true},{"PrincipalSID":"INTRANET.POO-S-1-5-32-544","PrincipalType":"Group","RightName":"WriteDacl","AceType":"","IsInherited":true},{"PrincipalSID":"INTRANET.POO-S-1-5-32-544","PrincipalType":"Group","RightName":"WriteOwner","AceType":"","IsInherited":true}]}],"meta":{"count":2,"type":"ous","version":3}}