﻿{"users":[{"Properties":{"highvalue":false,"name":"MR3KS@INTRANET.POO","domain":"INTRANET.POO","objectid":"S-1-5-21-2413924783-1155145064-2969042445-1000","distinguishedname":"CN=mr3ks,CN=Users,DC=intranet,DC=poo","description":"P.O.O. Domain Administrator","dontreqpreauth":false,"passwordnotreqd":false,"unconstraineddelegation":false,"sensitive":false,"enabled":true,"pwdneverexpires":true,"lastlogon":1576194378,"lastlogontimestamp":1576194378,"pwdlastset":1521736095,"serviceprincipalnames":[],"hasspn":false,"displayname":"mr3ks","email":null,"title":null,"homedirectory":null,"userpassword":null,"admincount":true,"sidhistory":[]},"AllowedToDelegate":[],"SPNTargets":[],"PrimaryGroupSid":"S-1-5-21-2413924783-1155145064-2969042445-512","HasSIDHistory":[],"ObjectIdentifier":"S-1-5-21-2413924783-1155145064-2969042445-1000","Aces":[{"PrincipalSID":"S-1-5-21-2413924783-1155145064-2969042445-512","PrincipalType":"Group","RightName":"Owner","AceType":"","IsInherited":false},{"PrincipalSID":"INTRANET.POO-S-1-5-32-544","PrincipalType":"Group","RightName":"WriteDacl","AceType":"","IsInherited":false},{"PrincipalSID":"INTRANET.POO-S-1-5-32-544","PrincipalType":"Group","RightName":"WriteOwner","AceType":"","IsInherited":false},{"PrincipalSID":"INTRANET.POO-S-1-5-32-544","PrincipalType":"Group","RightName":"ExtendedRight","AceType":"All","IsInherited":false},{"PrincipalSID":"INTRANET.POO-S-1-5-32-544","PrincipalType":"Group","RightName":"GenericWrite","AceType":"","IsInherited":false},{"PrincipalSID":"S-1-5-21-2413924783-1155145064-2969042445-512","PrincipalType":"Group","RightName":"WriteDacl","AceType":"","IsInherited":false},{"PrincipalSID":"S-1-5-21-2413924783-1155145064-2969042445-512","PrincipalType":"Group","RightName":"WriteOwner","AceType":"","IsInherited":false},{"PrincipalSID":"S-1-5-21-2413924783-1155145064-2969042445-512","PrincipalType":"Group","RightName":"ExtendedRight","AceType":"All","IsInherited":false},{"PrincipalSID":"S-1-5-21-2413924783-1155145064-2969042445-512","PrincipalType":"Group","RightName":"GenericWrite","AceType":"","IsInherited":false},{"PrincipalSID":"S-1-5-21-2413924783-1155145064-2969042445-519","PrincipalType":"Group","RightName":"WriteDacl","AceType":"","IsInherited":false},{"PrincipalSID":"S-1-5-21-2413924783-1155145064-2969042445-519","PrincipalType":"Group","RightName":"WriteOwner","AceType":"","IsInherited":false},{"PrincipalSID":"S-1-5-21-2413924783-1155145064-2969042445-519","PrincipalType":"Group","RightName":"ExtendedRight","AceType":"All","IsInherited":false},{"PrincipalSID":"S-1-5-21-2413924783-1155145064-2969042445-519","PrincipalType":"Group","RightName":"GenericWrite","AceType":"","IsInherited":false},{"PrincipalSID":"S-1-5-21-2413924783-1155145064-2969042445-1108","PrincipalType":"Group","RightName":"GenericAll","AceType":"","IsInherited":false}]},{"Properties":{"highvalue":false,"name":"GUEST@INTRANET.POO","domain":"INTRANET.POO","objectid":"S-1-5-21-2413924783-1155145064-2969042445-501","distinguishedname":"CN=Guest,CN=Users,DC=intranet,DC=poo","description":"Built-in account for guest access to the computer/domain","dontreqpreauth":false,"passwordnotreqd":true,"unconstraineddelegation":false,"sensitive":false,"enabled":false,"pwdneverexpires":true,"lastlogon":-1,"lastlogontimestamp":-1,"pwdlastset":-1,"serviceprincipalnames":[],"hasspn":false,"displayname":null,"email":null,"title":null,"homedirectory":null,"userpassword":null,"admincount":false,"sidhistory":[]},"AllowedToDelegate":[],"SPNTargets":[],"PrimaryGroupSid":"S-1-5-21-2413924783-1155145064-2969042445-514","HasSIDHistory":[],"ObjectIdentifier":"S-1-5-21-2413924783-1155145064-2969042445-501","Aces":[{"PrincipalSID":"INTRANET.POO-S-1-5-32-544","PrincipalType":"Group","RightName":"Owner","AceType":"","IsInherited":false},{"PrincipalSID":"INTRANET.POO-S-1-5-32-548","PrincipalType":"Group","RightName":"GenericAll","AceType":"","IsInherited":false},{"PrincipalSID":"S-1-5-21-2413924783-1155145064-2969042445-512","PrincipalType":"Group","RightName":"GenericAll","AceType":"","IsInherited":false},{"PrincipalSID":"S-1-5-21-2413924783-1155145064-2969042445-519","PrincipalType":"Group","RightName":"GenericAll","AceType":"","IsInherited":true},{"PrincipalSID":"INTRANET.POO-S-1-5-32-544","PrincipalType":"Group","RightName":"WriteDacl","AceType":"","IsInherited":true},{"PrincipalSID":"INTRANET.POO-S-1-5-32-544","PrincipalType":"Group","RightName":"WriteOwner","AceType":"","IsInherited":true},{"PrincipalSID":"INTRANET.POO-S-1-5-32-544","PrincipalType":"Group","RightName":"ExtendedRight","AceType":"All","IsInherited":true},{"PrincipalSID":"INTRANET.POO-S-1-5-32-544","PrincipalType":"Group","RightName":"GenericWrite","AceType":"","IsInherited":true}]},{"Properties":{"highvalue":false,"name":"P00_HR@INTRANET.POO","domain":"INTRANET.POO","objectid":"S-1-5-21-2413924783-1155145064-2969042445-1105","distinguishedname":"CN=p00_hr,CN=Users,DC=intranet,DC=poo","description":null,"dontreqpreauth":false,"passwordnotreqd":false,"unconstraineddelegation":false,"sensitive":false,"enabled":true,"pwdneverexpires":true,"lastlogon":-1,"lastlogontimestamp":-1,"pwdlastset":1526009529,"serviceprincipalnames":["HR_peoplesoft/intranet.poo:1433"],"hasspn":true,"displayname":null,"email":null,"title":null,"homedirectory":null,"userpassword":null,"admincount":false,"sidhistory":[]},"AllowedToDelegate":[],"SPNTargets":[],"PrimaryGroupSid":"S-1-5-21-2413924783-1155145064-2969042445-513","HasSIDHistory":[],"ObjectIdentifier":"S-1-5-21-2413924783-1155145064-2969042445-1105","Aces":[{"PrincipalSID":"S-1-5-21-2413924783-1155145064-2969042445-512","PrincipalType":"Group","RightName":"Owner","AceType":"","IsInherited":false},{"PrincipalSID":"INTRANET.POO-S-1-5-32-548","PrincipalType":"Group","RightName":"GenericAll","AceType":"","IsInherited":false},{"PrincipalSID":"S-1-5-21-2413924783-1155145064-2969042445-512","PrincipalType":"Group","RightName":"GenericAll","AceType":"","IsInherited":false},{"PrincipalSID":"S-1-5-21-2413924783-1155145064-2969042445-519","PrincipalType":"Group","RightName":"GenericAll","AceType":"","IsInherited":true},{"PrincipalSID":"INTRANET.POO-S-1-5-32-544","PrincipalType":"Group","RightName":"WriteDacl","AceType":"","IsInherited":true},{"PrincipalSID":"INTRANET.POO-S-1-5-32-544","PrincipalType":"Group","RightName":"WriteOwner","AceType":"","IsInherited":true},{"PrincipalSID":"INTRANET.POO-S-1-5-32-544","PrincipalType":"Group","RightName":"ExtendedRight","AceType":"All","IsInherited":true},{"PrincipalSID":"INTRANET.POO-S-1-5-32-544","PrincipalType":"Group","RightName":"GenericWrite","AceType":"","IsInherited":true}]},{"Properties":{"highvalue":false,"name":"P00_DEV@INTRANET.POO","domain":"INTRANET.POO","objectid":"S-1-5-21-2413924783-1155145064-2969042445-1106","distinguishedname":"CN=p00_dev,CN=Users,DC=intranet,DC=poo","description":null,"dontreqpreauth":false,"passwordnotreqd":false,"unconstraineddelegation":false,"sensitive":false,"enabled":true,"pwdneverexpires":true,"lastlogon":1521741095,"lastlogontimestamp":1521659725,"pwdlastset":1526009144,"serviceprincipalnames":[],"hasspn":false,"displayname":null,"email":null,"title":null,"homedirectory":null,"userpassword":null,"admincount":false,"sidhistory":[]},"AllowedToDelegate":[],"SPNTargets":[],"PrimaryGroupSid":"S-1-5-21-2413924783-1155145064-2969042445-513","HasSIDHistory":[],"ObjectIdentifier":"S-1-5-21-2413924783-1155145064-2969042445-1106","Aces":[{"PrincipalSID":"S-1-5-21-2413924783-1155145064-2969042445-512","PrincipalType":"Group","RightName":"Owner","AceType":"","IsInherited":false},{"PrincipalSID":"INTRANET.POO-S-1-5-32-548","PrincipalType":"Group","RightName":"GenericAll","AceType":"","IsInherited":false},{"PrincipalSID":"S-1-5-21-2413924783-1155145064-2969042445-512","PrincipalType":"Group","RightName":"GenericAll","AceType":"","IsInherited":false},{"PrincipalSID":"S-1-5-21-2413924783-1155145064-2969042445-519","PrincipalType":"Group","RightName":"GenericAll","AceType":"","IsInherited":true},{"PrincipalSID":"INTRANET.POO-S-1-5-32-544","PrincipalType":"Group","RightName":"WriteDacl","AceType":"","IsInherited":true},{"PrincipalSID":"INTRANET.POO-S-1-5-32-544","PrincipalType":"Group","RightName":"WriteOwner","AceType":"","IsInherited":true},{"PrincipalSID":"INTRANET.POO-S-1-5-32-544","PrincipalType":"Group","RightName":"ExtendedRight","AceType":"All","IsInherited":true},{"PrincipalSID":"INTRANET.POO-S-1-5-32-544","PrincipalType":"Group","RightName":"GenericWrite","AceType":"","IsInherited":true}]},{"Properties":{"highvalue":false,"name":"ADMINISTRATOR@INTRANET.POO","domain":"INTRANET.POO","objectid":"S-1-5-21-2413924783-1155145064-2969042445-500","distinguishedname":"CN=Administrator,CN=Users,DC=intranet,DC=poo","description":"Built-in account for administering the computer/domain","dontreqpreauth":false,"passwordnotreqd":false,"unconstraineddelegation":false,"sensitive":false,"enabled":false,"pwdneverexpires":false,"lastlogon":1521066701,"lastlogontimestamp":-1,"pwdlastset":1521067247,"serviceprincipalnames":[],"hasspn":false,"displayname":null,"email":null,"title":null,"homedirectory":null,"userpassword":null,"admincount":true,"sidhistory":[]},"AllowedToDelegate":[],"SPNTargets":[],"PrimaryGroupSid":"S-1-5-21-2413924783-1155145064-2969042445-513","HasSIDHistory":[],"ObjectIdentifier":"S-1-5-21-2413924783-1155145064-2969042445-500","Aces":[{"PrincipalSID":"S-1-5-21-2413924783-1155145064-2969042445-512","PrincipalType":"Group","RightName":"Owner","AceType":"","IsInherited":false},{"PrincipalSID":"INTRANET.POO-S-1-5-32-544","PrincipalType":"Group","RightName":"WriteDacl","AceType":"","IsInherited":false},{"PrincipalSID":"INTRANET.POO-S-1-5-32-544","PrincipalType":"Group","RightName":"WriteOwner","AceType":"","IsInherited":false},{"PrincipalSID":"INTRANET.POO-S-1-5-32-544","PrincipalType":"Group","RightName":"ExtendedRight","AceType":"All","IsInherited":false},{"PrincipalSID":"INTRANET.POO-S-1-5-32-544","PrincipalType":"Group","RightName":"GenericWrite","AceType":"","IsInherited":false},{"PrincipalSID":"S-1-5-21-2413924783-1155145064-2969042445-512","PrincipalType":"Group","RightName":"WriteDacl","AceType":"","IsInherited":false},{"PrincipalSID":"S-1-5-21-2413924783-1155145064-2969042445-512","PrincipalType":"Group","RightName":"WriteOwner","AceType":"","IsInherited":false},{"PrincipalSID":"S-1-5-21-2413924783-1155145064-2969042445-512","PrincipalType":"Group","RightName":"ExtendedRight","AceType":"All","IsInherited":false},{"PrincipalSID":"S-1-5-21-2413924783-1155145064-2969042445-512","PrincipalType":"Group","RightName":"GenericWrite","AceType":"","IsInherited":false},{"PrincipalSID":"S-1-5-21-2413924783-1155145064-2969042445-519","PrincipalType":"Group","RightName":"WriteDacl","AceType":"","IsInherited":false},{"PrincipalSID":"S-1-5-21-2413924783-1155145064-2969042445-519","PrincipalType":"Group","RightName":"WriteOwner","AceType":"","IsInherited":false},{"PrincipalSID":"S-1-5-21-2413924783-1155145064-2969042445-519","PrincipalType":"Group","RightName":"ExtendedRight","AceType":"All","IsInherited":false},{"PrincipalSID":"S-1-5-21-2413924783-1155145064-2969042445-519","PrincipalType":"Group","RightName":"GenericWrite","AceType":"","IsInherited":false},{"PrincipalSID":"S-1-5-21-2413924783-1155145064-2969042445-1108","PrincipalType":"Group","RightName":"GenericAll","AceType":"","IsInherited":false}]},{"Properties":{"highvalue":false,"name":"P00_ADM@INTRANET.POO","domain":"INTRANET.POO","objectid":"S-1-5-21-2413924783-1155145064-2969042445-1107","distinguishedname":"CN=p00_adm,CN=Users,DC=intranet,DC=poo","description":null,"dontreqpreauth":false,"passwordnotreqd":false,"unconstraineddelegation":false,"sensitive":false,"enabled":true,"pwdneverexpires":true,"lastlogon":1605133337,"lastlogontimestamp":1605132900,"pwdlastset":1526009174,"serviceprincipalnames":["cyber_audit/intranet.poo:443"],"hasspn":true,"displayname":null,"email":null,"title":null,"homedirectory":null,"userpassword":null,"admincount":false,"sidhistory":[]},"AllowedToDelegate":[],"SPNTargets":[],"PrimaryGroupSid":"S-1-5-21-2413924783-1155145064-2969042445-513","HasSIDHistory":[],"ObjectIdentifier":"S-1-5-21-2413924783-1155145064-2969042445-1107","Aces":[{"PrincipalSID":"S-1-5-21-2413924783-1155145064-2969042445-512","PrincipalType":"Group","RightName":"Owner","AceType":"","IsInherited":false},{"PrincipalSID":"INTRANET.POO-S-1-5-32-548","PrincipalType":"Group","RightName":"GenericAll","AceType":"","IsInherited":false},{"PrincipalSID":"S-1-5-21-2413924783-1155145064-2969042445-512","PrincipalType":"Group","RightName":"GenericAll","AceType":"","IsInherited":false},{"PrincipalSID":"S-1-5-21-2413924783-1155145064-2969042445-519","PrincipalType":"Group","RightName":"GenericAll","AceType":"","IsInherited":true},{"PrincipalSID":"INTRANET.POO-S-1-5-32-544","PrincipalType":"Group","RightName":"WriteDacl","AceType":"","IsInherited":true},{"PrincipalSID":"INTRANET.POO-S-1-5-32-544","PrincipalType":"Group","RightName":"WriteOwner","AceType":"","IsInherited":true},{"PrincipalSID":"INTRANET.POO-S-1-5-32-544","PrincipalType":"Group","RightName":"ExtendedRight","AceType":"All","IsInherited":true},{"PrincipalSID":"INTRANET.POO-S-1-5-32-544","PrincipalType":"Group","RightName":"GenericWrite","AceType":"","IsInherited":true}]},{"Properties":{"highvalue":false,"name":"KRBTGT@INTRANET.POO","domain":"INTRANET.POO","objectid":"S-1-5-21-2413924783-1155145064-2969042445-502","distinguishedname":"CN=krbtgt,CN=Users,DC=intranet,DC=poo","description":"Key Distribution Center Service Account","dontreqpreauth":false,"passwordnotreqd":false,"unconstraineddelegation":false,"sensitive":false,"enabled":false,"pwdneverexpires":false,"lastlogon":-1,"lastlogontimestamp":-1,"pwdlastset":1521195591,"serviceprincipalnames":["kadmin/changepw"],"hasspn":true,"displayname":null,"email":null,"title":null,"homedirectory":null,"userpassword":null,"admincount":true,"sidhistory":[]},"AllowedToDelegate":[],"SPNTargets":[],"PrimaryGroupSid":"S-1-5-21-2413924783-1155145064-2969042445-513","HasSIDHistory":[],"ObjectIdentifier":"S-1-5-21-2413924783-1155145064-2969042445-502","Aces":[{"PrincipalSID":"S-1-5-21-2413924783-1155145064-2969042445-512","PrincipalType":"Group","RightName":"Owner","AceType":"","IsInherited":false},{"PrincipalSID":"INTRANET.POO-S-1-5-32-544","PrincipalType":"Group","RightName":"WriteDacl","AceType":"","IsInherited":false},{"PrincipalSID":"INTRANET.POO-S-1-5-32-544","PrincipalType":"Group","RightName":"WriteOwner","AceType":"","IsInherited":false},{"PrincipalSID":"INTRANET.POO-S-1-5-32-544","PrincipalType":"Group","RightName":"ExtendedRight","AceType":"All","IsInherited":false},{"PrincipalSID":"INTRANET.POO-S-1-5-32-544","PrincipalType":"Group","RightName":"GenericWrite","AceType":"","IsInherited":false},{"PrincipalSID":"S-1-5-21-2413924783-1155145064-2969042445-512","PrincipalType":"Group","RightName":"WriteDacl","AceType":"","IsInherited":false},{"PrincipalSID":"S-1-5-21-2413924783-1155145064-2969042445-512","PrincipalType":"Group","RightName":"WriteOwner","AceType":"","IsInherited":false},{"PrincipalSID":"S-1-5-21-2413924783-1155145064-2969042445-512","PrincipalType":"Group","RightName":"ExtendedRight","AceType":"All","IsInherited":false},{"PrincipalSID":"S-1-5-21-2413924783-1155145064-2969042445-512","PrincipalType":"Group","RightName":"GenericWrite","AceType":"","IsInherited":false},{"PrincipalSID":"S-1-5-21-2413924783-1155145064-2969042445-519","PrincipalType":"Group","RightName":"WriteDacl","AceType":"","IsInherited":false},{"PrincipalSID":"S-1-5-21-2413924783-1155145064-2969042445-519","PrincipalType":"Group","RightName":"WriteOwner","AceType":"","IsInherited":false},{"PrincipalSID":"S-1-5-21-2413924783-1155145064-2969042445-519","PrincipalType":"Group","RightName":"ExtendedRight","AceType":"All","IsInherited":false},{"PrincipalSID":"S-1-5-21-2413924783-1155145064-2969042445-519","PrincipalType":"Group","RightName":"GenericWrite","AceType":"","IsInherited":false},{"PrincipalSID":"S-1-5-21-2413924783-1155145064-2969042445-1108","PrincipalType":"Group","RightName":"GenericAll","AceType":"","IsInherited":false}]},{"Properties":{"highvalue":false,"name":"DEFAULTACCOUNT@INTRANET.POO","domain":"INTRANET.POO","objectid":"S-1-5-21-2413924783-1155145064-2969042445-503","distinguishedname":"CN=DefaultAccount,CN=Users,DC=intranet,DC=poo","description":"A user account managed by the system.","dontreqpreauth":false,"passwordnotreqd":true,"unconstraineddelegation":false,"sensitive":false,"enabled":false,"pwdneverexpires":true,"lastlogon":-1,"lastlogontimestamp":-1,"pwdlastset":-1,"serviceprincipalnames":[],"hasspn":false,"displayname":null,"email":null,"title":null,"homedirectory":null,"userpassword":null,"admincount":false,"sidhistory":[]},"AllowedToDelegate":[],"SPNTargets":[],"PrimaryGroupSid":"S-1-5-21-2413924783-1155145064-2969042445-513","HasSIDHistory":[],"ObjectIdentifier":"S-1-5-21-2413924783-1155145064-2969042445-503","Aces":[{"PrincipalSID":"INTRANET.POO-S-1-5-32-544","PrincipalType":"Group","RightName":"Owner","AceType":"","IsInherited":false},{"PrincipalSID":"INTRANET.POO-S-1-5-32-548","PrincipalType":"Group","RightName":"GenericAll","AceType":"","IsInherited":false},{"PrincipalSID":"S-1-5-21-2413924783-1155145064-2969042445-512","PrincipalType":"Group","RightName":"GenericAll","AceType":"","IsInherited":false},{"PrincipalSID":"S-1-5-21-2413924783-1155145064-2969042445-519","PrincipalType":"Group","RightName":"GenericAll","AceType":"","IsInherited":true},{"PrincipalSID":"INTRANET.POO-S-1-5-32-544","PrincipalType":"Group","RightName":"WriteDacl","AceType":"","IsInherited":true},{"PrincipalSID":"INTRANET.POO-S-1-5-32-544","PrincipalType":"Group","RightName":"WriteOwner","AceType":"","IsInherited":true},{"PrincipalSID":"INTRANET.POO-S-1-5-32-544","PrincipalType":"Group","RightName":"ExtendedRight","AceType":"All","IsInherited":true},{"PrincipalSID":"INTRANET.POO-S-1-5-32-544","PrincipalType":"Group","RightName":"GenericWrite","AceType":"","IsInherited":true}]}],"meta":{"count":8,"type":"users","version":3}}