﻿{"computers":[{"Properties":{"haslaps":false,"highvalue":false,"name":"DC.INTRANET.POO","domain":"INTRANET.POO","objectid":"S-1-5-21-2413924783-1155145064-2969042445-1001","distinguishedname":"CN=DC,OU=Domain Controllers,DC=intranet,DC=poo","description":null,"enabled":true,"unconstraineddelegation":true,"serviceprincipalnames":["TERMSRV/DC","TERMSRV/DC.intranet.poo","Dfsr-12F9A27C-BF97-4787-9364-D31B6C55EB04/DC.intranet.poo","ldap/DC.intranet.poo/ForestDnsZones.intranet.poo","ldap/DC.intranet.poo/DomainDnsZones.intranet.poo","DNS/DC.intranet.poo","GC/DC.intranet.poo/intranet.poo","RestrictedKrbHost/DC.intranet.poo","RestrictedKrbHost/DC","RPC/43b68534-ef5d-4165-b582-b9381481315e._msdcs.intranet.poo","HOST/DC/POO","HOST/DC.intranet.poo/POO","HOST/DC","HOST/DC.intranet.poo","HOST/DC.intranet.poo/intranet.poo","E3514235-4B06-11D1-AB04-00C04FC2DCD2/43b68534-ef5d-4165-b582-b9381481315e/intranet.poo","ldap/DC/POO","ldap/43b68534-ef5d-4165-b582-b9381481315e._msdcs.intranet.poo","ldap/DC.intranet.poo/POO","ldap/DC","ldap/DC.intranet.poo","ldap/DC.intranet.poo/intranet.poo"],"lastlogontimestamp":1605113504,"pwdlastset":1605113480,"operatingsystem":"Windows Server 2016 Standard"},"AllowedToDelegate":[],"AllowedToAct":[],"PrimaryGroupSid":"S-1-5-21-2413924783-1155145064-2969042445-516","Sessions":[],"LocalAdmins":[{"MemberId":"S-1-5-21-2413924783-1155145064-2969042445-500","MemberType":"User"},{"MemberId":"S-1-5-21-2413924783-1155145064-2969042445-519","MemberType":"Group"},{"MemberId":"S-1-5-21-2413924783-1155145064-2969042445-512","MemberType":"Group"}],"RemoteDesktopUsers":[],"DcomUsers":[],"PSRemoteUsers":[],"ObjectIdentifier":"S-1-5-21-2413924783-1155145064-2969042445-1001","Aces":[{"PrincipalSID":"S-1-5-21-2413924783-1155145064-2969042445-512","PrincipalType":"Group","RightName":"Owner","AceType":"","IsInherited":false},{"PrincipalSID":"S-1-5-21-2413924783-1155145064-2969042445-512","PrincipalType":"Group","RightName":"GenericAll","AceType":"","IsInherited":false},{"PrincipalSID":"S-1-5-21-2413924783-1155145064-2969042445-519","PrincipalType":"Group","RightName":"GenericAll","AceType":"","IsInherited":true},{"PrincipalSID":"INTRANET.POO-S-1-5-32-544","PrincipalType":"Group","RightName":"WriteDacl","AceType":"","IsInherited":true},{"PrincipalSID":"INTRANET.POO-S-1-5-32-544","PrincipalType":"Group","RightName":"WriteOwner","AceType":"","IsInherited":true},{"PrincipalSID":"INTRANET.POO-S-1-5-32-544","PrincipalType":"Group","RightName":"GenericWrite","AceType":"","IsInherited":true}]},{"Properties":{"haslaps":false,"highvalue":false,"name":"COMPATIBILITY.INTRANET.POO","domain":"INTRANET.POO","objectid":"S-1-5-21-2413924783-1155145064-2969042445-1104","distinguishedname":"CN=COMPATIBILITY,OU=Servers,DC=intranet,DC=poo","description":null,"enabled":true,"unconstraineddelegation":false,"serviceprincipalnames":["WSMAN/COMPATIBILITY","WSMAN/COMPATIBILITY.intranet.poo","TERMSRV/COMPATIBILITY","TERMSRV/COMPATIBILITY.intranet.poo","RestrictedKrbHost/COMPATIBILITY","HOST/COMPATIBILITY","RestrictedKrbHost/COMPATIBILITY.intranet.poo","HOST/COMPATIBILITY.intranet.poo"],"lastlogontimestamp":1605113530,"pwdlastset":1605113542,"operatingsystem":"Windows Server 2019 Standard"},"AllowedToDelegate":[],"AllowedToAct":[],"PrimaryGroupSid":"S-1-5-21-2413924783-1155145064-2969042445-515","Sessions":[{"UserId":"S-1-5-21-158512341-328150952-995267585-500","ComputerId":"S-1-5-21-2413924783-1155145064-2969042445-1104"}],"LocalAdmins":[{"MemberId":"S-1-5-21-2413924783-1155145064-2969042445-512","MemberType":"Group"}],"RemoteDesktopUsers":[],"DcomUsers":[],"PSRemoteUsers":[],"ObjectIdentifier":"S-1-5-21-2413924783-1155145064-2969042445-1104","Aces":[{"PrincipalSID":"S-1-5-21-2413924783-1155145064-2969042445-512","PrincipalType":"Group","RightName":"Owner","AceType":"","IsInherited":false},{"PrincipalSID":"INTRANET.POO-S-1-5-32-548","PrincipalType":"Group","RightName":"GenericAll","AceType":"","IsInherited":false},{"PrincipalSID":"S-1-5-21-2413924783-1155145064-2969042445-512","PrincipalType":"Group","RightName":"GenericAll","AceType":"","IsInherited":false},{"PrincipalSID":"S-1-5-21-2413924783-1155145064-2969042445-519","PrincipalType":"Group","RightName":"GenericAll","AceType":"","IsInherited":true},{"PrincipalSID":"INTRANET.POO-S-1-5-32-544","PrincipalType":"Group","RightName":"WriteDacl","AceType":"","IsInherited":true},{"PrincipalSID":"INTRANET.POO-S-1-5-32-544","PrincipalType":"Group","RightName":"WriteOwner","AceType":"","IsInherited":true},{"PrincipalSID":"INTRANET.POO-S-1-5-32-544","PrincipalType":"Group","RightName":"GenericWrite","AceType":"","IsInherited":true}]}],"meta":{"count":2,"type":"computers","version":3}}