﻿{"gpos":[{"Properties":{"highvalue":false,"name":"DEFAULT DOMAIN CONTROLLERS POLICY@INTRANET.POO","domain":"INTRANET.POO","objectid":"C4B3FB57-5696-44A3-B445-F8EA5656FCE2","distinguishedname":"CN={6AC1786C-016F-11D2-945F-00C04fB984F9},CN=Policies,CN=System,DC=intranet,DC=poo","description":null,"gpcpath":"\\\\intranet.poo\\sysvol\\intranet.poo\\Policies\\{6AC1786C-016F-11D2-945F-00C04fB984F9}"},"ObjectIdentifier":"C4B3FB57-5696-44A3-B445-F8EA5656FCE2","Aces":[{"PrincipalSID":"S-1-5-21-2413924783-1155145064-2969042445-512","PrincipalType":"Group","RightName":"Owner","AceType":"","IsInherited":false},{"PrincipalSID":"S-1-5-21-2413924783-1155145064-2969042445-512","PrincipalType":"Group","RightName":"WriteDacl","AceType":"","IsInherited":false},{"PrincipalSID":"S-1-5-21-2413924783-1155145064-2969042445-512","PrincipalType":"Group","RightName":"WriteOwner","AceType":"","IsInherited":false},{"PrincipalSID":"S-1-5-21-2413924783-1155145064-2969042445-512","PrincipalType":"Group","RightName":"GenericWrite","AceType":"","IsInherited":false},{"PrincipalSID":"S-1-5-21-2413924783-1155145064-2969042445-512","PrincipalType":"Group","RightName":"WriteDacl","AceType":"","IsInherited":false},{"PrincipalSID":"S-1-5-21-2413924783-1155145064-2969042445-512","PrincipalType":"Group","RightName":"WriteOwner","AceType":"","IsInherited":false},{"PrincipalSID":"S-1-5-21-2413924783-1155145064-2969042445-512","PrincipalType":"Group","RightName":"GenericWrite","AceType":"","IsInherited":false},{"PrincipalSID":"S-1-5-21-2413924783-1155145064-2969042445-519","PrincipalType":"Group","RightName":"WriteDacl","AceType":"","IsInherited":false},{"PrincipalSID":"S-1-5-21-2413924783-1155145064-2969042445-519","PrincipalType":"Group","RightName":"WriteOwner","AceType":"","IsInherited":false},{"PrincipalSID":"S-1-5-21-2413924783-1155145064-2969042445-519","PrincipalType":"Group","RightName":"GenericWrite","AceType":"","IsInherited":false}]},{"Properties":{"highvalue":false,"name":"DEFAULT SERVERS POLICY@INTRANET.POO","domain":"INTRANET.POO","objectid":"AD1DB4B5-FE01-4761-BAA3-EB23E5DA18D0","distinguishedname":"CN={D6961911-C4EE-45C9-951E-C1DE51600F71},CN=Policies,CN=System,DC=intranet,DC=poo","description":null,"gpcpath":"\\\\intranet.poo\\SysVol\\intranet.poo\\Policies\\{D6961911-C4EE-45C9-951E-C1DE51600F71}"},"ObjectIdentifier":"AD1DB4B5-FE01-4761-BAA3-EB23E5DA18D0","Aces":[{"PrincipalSID":"S-1-5-21-2413924783-1155145064-2969042445-512","PrincipalType":"Group","RightName":"Owner","AceType":"","IsInherited":false},{"PrincipalSID":"S-1-5-21-2413924783-1155145064-2969042445-512","PrincipalType":"Group","RightName":"WriteDacl","AceType":"","IsInherited":false},{"PrincipalSID":"S-1-5-21-2413924783-1155145064-2969042445-512","PrincipalType":"Group","RightName":"WriteOwner","AceType":"","IsInherited":false},{"PrincipalSID":"S-1-5-21-2413924783-1155145064-2969042445-512","PrincipalType":"Group","RightName":"GenericWrite","AceType":"","IsInherited":false},{"PrincipalSID":"S-1-5-21-2413924783-1155145064-2969042445-519","PrincipalType":"Group","RightName":"WriteDacl","AceType":"","IsInherited":false},{"PrincipalSID":"S-1-5-21-2413924783-1155145064-2969042445-519","PrincipalType":"Group","RightName":"WriteOwner","AceType":"","IsInherited":false},{"PrincipalSID":"S-1-5-21-2413924783-1155145064-2969042445-519","PrincipalType":"Group","RightName":"GenericWrite","AceType":"","IsInherited":false}]},{"Properties":{"highvalue":false,"name":"DEFAULT DOMAIN POLICY@INTRANET.POO","domain":"INTRANET.POO","objectid":"C5CBC590-85D4-4B34-9EFC-9CB2ED6F3388","distinguishedname":"CN={31B2F340-016D-11D2-945F-00C04FB984F9},CN=Policies,CN=System,DC=intranet,DC=poo","description":null,"gpcpath":"\\\\intranet.poo\\sysvol\\intranet.poo\\Policies\\{31B2F340-016D-11D2-945F-00C04FB984F9}"},"ObjectIdentifier":"C5CBC590-85D4-4B34-9EFC-9CB2ED6F3388","Aces":[{"PrincipalSID":"S-1-5-21-2413924783-1155145064-2969042445-512","PrincipalType":"Group","RightName":"Owner","AceType":"","IsInherited":false},{"PrincipalSID":"S-1-5-21-2413924783-1155145064-2969042445-512","PrincipalType":"Group","RightName":"WriteDacl","AceType":"","IsInherited":false},{"PrincipalSID":"S-1-5-21-2413924783-1155145064-2969042445-512","PrincipalType":"Group","RightName":"WriteOwner","AceType":"","IsInherited":false},{"PrincipalSID":"S-1-5-21-2413924783-1155145064-2969042445-512","PrincipalType":"Group","RightName":"GenericWrite","AceType":"","IsInherited":false},{"PrincipalSID":"S-1-5-21-2413924783-1155145064-2969042445-512","PrincipalType":"Group","RightName":"WriteDacl","AceType":"","IsInherited":false},{"PrincipalSID":"S-1-5-21-2413924783-1155145064-2969042445-512","PrincipalType":"Group","RightName":"WriteOwner","AceType":"","IsInherited":false},{"PrincipalSID":"S-1-5-21-2413924783-1155145064-2969042445-512","PrincipalType":"Group","RightName":"GenericWrite","AceType":"","IsInherited":false},{"PrincipalSID":"S-1-5-21-2413924783-1155145064-2969042445-519","PrincipalType":"Group","RightName":"WriteDacl","AceType":"","IsInherited":false},{"PrincipalSID":"S-1-5-21-2413924783-1155145064-2969042445-519","PrincipalType":"Group","RightName":"WriteOwner","AceType":"","IsInherited":false},{"PrincipalSID":"S-1-5-21-2413924783-1155145064-2969042445-519","PrincipalType":"Group","RightName":"GenericWrite","AceType":"","IsInherited":false}]}],"meta":{"count":3,"type":"gpos","version":3}}