﻿{"domains":[{"Properties":{"highvalue":true,"name":"INTRANET.POO","domain":"INTRANET.POO","objectid":"S-1-5-21-2413924783-1155145064-2969042445","distinguishedname":"DC=intranet,DC=poo","description":null,"functionallevel":"2016"},"Users":["S-1-5-21-2413924783-1155145064-2969042445-500","S-1-5-21-2413924783-1155145064-2969042445-501","S-1-5-21-2413924783-1155145064-2969042445-503","S-1-5-21-2413924783-1155145064-2969042445-1000","S-1-5-21-2413924783-1155145064-2969042445-502","S-1-5-21-2413924783-1155145064-2969042445-1105","S-1-5-21-2413924783-1155145064-2969042445-1106","S-1-5-21-2413924783-1155145064-2969042445-1107"],"Computers":[],"ChildOus":["5C96B19A-0850-4EBF-8883-5DAEB83F1735","C0AAA7AA-2BB9-4C2E-9048-B9A01E204A31"],"Trusts":[],"Links":[{"IsEnforced":false,"Guid":"C5CBC590-85D4-4B34-9EFC-9CB2ED6F3388"}],"RemoteDesktopUsers":[],"LocalAdmins":[],"DcomUsers":[],"PSRemoteUsers":[],"ObjectIdentifier":"S-1-5-21-2413924783-1155145064-2969042445","Aces":[{"PrincipalSID":"INTRANET.POO-S-1-5-32-544","PrincipalType":"Group","RightName":"Owner","AceType":"","IsInherited":false},{"PrincipalSID":"INTRANET.POO-S-1-5-32-544","PrincipalType":"Group","RightName":"WriteDacl","AceType":"","IsInherited":false},{"PrincipalSID":"INTRANET.POO-S-1-5-32-544","PrincipalType":"Group","RightName":"WriteOwner","AceType":"","IsInherited":false},{"PrincipalSID":"INTRANET.POO-S-1-5-32-544","PrincipalType":"Group","RightName":"ExtendedRight","AceType":"All","IsInherited":false},{"PrincipalSID":"S-1-5-21-2413924783-1155145064-2969042445-512","PrincipalType":"Group","RightName":"WriteDacl","AceType":"","IsInherited":false},{"PrincipalSID":"S-1-5-21-2413924783-1155145064-2969042445-512","PrincipalType":"Group","RightName":"WriteOwner","AceType":"","IsInherited":false},{"PrincipalSID":"S-1-5-21-2413924783-1155145064-2969042445-512","PrincipalType":"Group","RightName":"ExtendedRight","AceType":"All","IsInherited":false},{"PrincipalSID":"S-1-5-21-2413924783-1155145064-2969042445-519","PrincipalType":"Group","RightName":"GenericAll","AceType":"","IsInherited":false},{"PrincipalSID":"INTRANET.POO-S-1-5-9","PrincipalType":"Group","RightName":"ExtendedRight","AceType":"GetChanges","IsInherited":false},{"PrincipalSID":"INTRANET.POO-S-1-5-32-544","PrincipalType":"Group","RightName":"ExtendedRight","AceType":"GetChangesAll","IsInherited":false},{"PrincipalSID":"INTRANET.POO-S-1-5-32-544","PrincipalType":"Group","RightName":"ExtendedRight","AceType":"GetChanges","IsInherited":false},{"PrincipalSID":"S-1-5-21-2413924783-1155145064-2969042445-498","PrincipalType":"Group","RightName":"ExtendedRight","AceType":"GetChanges","IsInherited":false},{"PrincipalSID":"S-1-5-21-2413924783-1155145064-2969042445-516","PrincipalType":"Group","RightName":"ExtendedRight","AceType":"GetChangesAll","IsInherited":false}]}],"meta":{"count":1,"type":"domains","version":3}}